addr	name	namespace	primary
710003d540	TimingTelop_PosOffset		1
710003d644	MoveHit_m		1
71000449b8	GetIngredientTypeData_DATA		1
7100044a78	GetThrowTypeData_DATA		1
7100044ab8	GetThrowSpeedData_DATA		1
7100044d68	IngredientModelTable		1
71000450a8	Mg1802PlayerManager_Impl_vtable		1
7100045550	mg1802_ChartNameTable		1
71000480c0	NpcModel_Hook_bone		1
71000480e0	INGREDIENT_Throw_bone		1
7100048100	PlayThrowSe_SE		1
7100048180	TimingTelop_vb		1
7100048200	StageManager_GetEffectBone_bone		1
7100048220	GetGrassHookBone_ATTACH		1
7100048e20	gArc		1
