100,INT,,
1,FLOAT,,
-10,INT,,
-20,INT,,
-1,INT,,
-10,INT,,
-1,INT,,
-30,INT,,
13,INT,,
15,INT,,
23,INT,,
25,INT,,
10,FLOAT,,
600,FLOAT,,
5,FLOAT,,
1.5,FLOAT,,
0.5,FLOAT,,
0.5,FLOAT,,
0.5,FLOAT,,
0.7,FLOAT,,
40,FLOAT,,
30,FLOAT,,
3,FLOAT,,
2,FLOAT,,
6,FLOAT,,
-15.3,FLOAT,,
17.7,FLOAT,,
17,FLOAT,,
0.75,FLOAT,,
0.6,FLOAT,,
0.6,FLOAT,,
3,FLOAT,,
0.2,FLOAT,,
1,FLOAT,,
1.2,FLOAT,,
0.5,FLOAT,,
3,FLOAT,,
2,FLOAT,,
3,FLOAT,,
1,FLOAT,,
1.5,FLOAT,,
17,INT,,
17,INT,,
17,INT,,
17,INT,,
16,INT,,
16,INT,,
30,FLOAT,,
0.7,FLOAT,,
2,FLOAT,,
33,INT,,
33,INT,,
34,INT,,
3,FLOAT,,
-75,FLOAT,,
15,FLOAT,,
-75,FLOAT,,
45,FLOAT,,
-75,FLOAT,,
15,FLOAT,,
45,FLOAT,,
10,INT,,
30,INT,,
30,INT,,
30,INT,,
-20,FLOAT,,
70,FLOAT,,
-40,FLOAT,,
15,FLOAT,,
65,FLOAT,,
260,FLOAT,,
33,INT,,
33,INT,,
34,INT,,
30,FLOAT,,
30,FLOAT,,
30,FLOAT,,
2.6,FLOAT,,
3.9,FLOAT,,
4,FLOAT,,
0.5,FLOAT,,
0.2,FLOAT,,
0,FLOAT,,
0.2,FLOAT,,
-0.45,FLOAT,,
0.4,FLOAT,,
-0.05,FLOAT,,
0.2,FLOAT,,
-0.4,FLOAT,,
