,1,1.7,0,0.1,0,0.6,3,3.5,-1,2.35,2.35,0.75,1.5,0,0.07,0,0.7,2,3.5,0,1.5,1.8,0.5,1,0,0,0,0.85,0.78,1,0,0.5,0.9,0.4,0.8,0,0,0,1,0.4,0.55,0,0.2,0.35
,1,1.7,0,0.1,0,0.6,3,3.5,-1,2.35,2.35,0.75,1.5,0,0.05,0,0.7,2,3.5,0,1.5,1.8,0.5,1,0,0,0,0.85,0.78,1,0,0.5,0.9,0.4,0.8,0,0,0,1,0.4,0.55,0,0.2,0.35
,1,1.7,0,0.1,0,0.6,3,3.5,-1,2.35,2.35,0.75,1.5,0,0.1,0,0.7,2,3.5,0,1.5,1.8,0.5,1,0,0,0,0.85,0.78,1,0,0.5,0.9,0.4,0.8,0,0,0,1,0.4,0.55,0,0.2,0.35
,1,1.7,0,0,0,0.5,5,8,1,2.3,2.35,0.75,1.5,0,0,0,0.7,2,3.5,0,1.5,1.8,0.5,1,0,0,0,0.85,0.8,1.05,1,0.5,0.9,0.4,0.8,0,0,0,1,0.7,0.75,1,0.2,0.6
,1,1.7,1,2,0,0.5,6,13,0,2.35,2.35,0.75,1.5,0.75,1.2,0,0.7,2,3.5,0,1.6,1.9,0.5,1,0,0.3,0,0.85,1,1.4,0,0.5,1,0.4,0.8,0,0.2,0,1,0.7,0.75,0,0.2,0.55
,1,1.7,1,2,0,0.5,6,13,0,2.35,2.35,0.75,1.5,0.75,1.2,0,0.7,2,3.5,0,1.6,1.9,0.5,1,0,0.3,0,0.85,1,1.4,0,0.5,1,0.4,0.8,0,0.2,0,1,0.7,0.75,0,0.2,0.55
,1,1.7,0,0,0,0.6,6,13,0,2.35,2.35,0.75,1.5,0,0,0,0.7,2,3.5,0,1.6,1.9,0.5,1,0,0,0,0.85,0.9,1.4,0,0.5,1,0.4,0.8,0,0,0,1,0.7,0.75,0,0.2,0.55
,1,1.7,1,2,0,0.5,6,13,0,2.35,2.35,0.75,1.5,0.75,1.2,0,0.7,2,3.5,0,1.6,1.9,0.5,1,0,0.3,0,0.85,0.9,1.4,0,0.5,1,0.4,0.8,0,0.2,0,1,0.7,0.75,0,0.2,0.55
,1,1.7,1,2,0,0.5,6,13,0,2.35,2.35,0.75,1.5,0.75,1.2,0,0.7,2,3.5,0,1.6,1.9,0.5,1,0,0.3,0,0.85,0.9,1.4,0,0.5,1,0.4,0.8,0,0.2,0,1,0.7,0.75,0,0.2,0.55
,1,1.7,1,2,0,0.5,6,13,0,2.35,2.35,0.75,1.5,0.75,1.2,0,0.7,2,3.5,0,1.6,1.9,0.5,1,0,0.3,0,0.85,0.9,1.4,0,0.5,1,0.4,0.8,0,0.2,0,1,0.7,0.75,0,0.2,0.55
,1,1.7,1,2,0,0.5,4.5,5,0,2.3,2.3,0.75,1.5,0.3,0.6,0,0.7,2,2.6,0,1.5,1.95,0.5,1,0,0.3,0,0.85,0.95,1.3,0,0.55,0.9,0.4,0.8,0,0.2,0,1,0.7,0.75,0,0.2,0.6
,1,1.7,1,2,0,0.5,5.5,6,0,2.3,2.3,0.75,1.5,0.6,0.7,0,0.7,2,2.6,0,1.5,1.95,0.5,1,0,0.3,0,0.85,0.95,1.3,0,0.55,0.9,0.4,0.8,0,0.2,0,1,0.7,0.75,0,0.2,0.6
,1,1.7,0,0,0,0.5,5.5,6,0,2.35,2.35,0.75,1.5,0,0,0,0.7,2,2.8,0,1.5,1.8,0.5,1,0,0,0,0.85,0.8,1.05,1,0.5,0.8,0.4,0.8,0,0,0,1,0.7,0.75,1,0.2,0.6
,1,1.7,1,2,0,0.5,6,6.5,0,2.35,2.35,0.75,1.5,0.75,1,0,0.7,2,2.8,0,1.5,1.8,0.5,1,0,0.3,0,0.85,0.9,1.4,0,0.5,1,0.4,0.8,0,0.2,0,1,0.7,0.75,0,0.2,0.6
,1,1.7,0,0,0,0.6,5.5,6,0,2.25,2.25,0.75,1.5,0,0,0,0.7,2.1,2.6,0,1.5,1.8,0.5,1,0,0,0,0.85,0.9,1.4,0,0.5,1,0.4,0.8,0,0,0,1,0.7,0.75,0,0.2,0.6
,1,1.7,1,2,0,0.5,5.5,6,0,2.2,2.2,0.75,1.5,0.7,0.9,0,0.7,2,2.8,0,1.5,1.8,0.5,1,0,0.3,0,0.85,0.6,1.05,0,0.5,0.9,0.4,0.8,0,0.2,0,1,0.4,0.45,0,0.2,0.6
,1,1.7,1,2,0,0.5,5.5,6,0,2.2,2.2,0.75,1.5,0.75,1.2,0,0.7,2,2.8,0,1.5,1.8,0.5,1,0,0.3,0,0.85,0.6,1.05,0,0.5,0.9,0.4,0.8,0,0.2,0,1,0.4,0.45,0,0.2,0.6
,1,1.7,1,2,0,0.5,5.5,6,0,2.35,2.35,0.75,1.5,0.75,1.1,0,0.7,2,2.8,0,1.5,1.8,0.5,1,0,0.3,0,0.85,0.6,1.05,0,0.5,0.9,0.4,0.8,0,0.2,0,1,0.7,0.75,0,0.2,0.6
,1,1.7,1,2,0,0.5,5.5,6,0,2.35,2.45,0.75,1.5,0.75,1.2,0,0.7,2,2.8,0,1.7,1.9,0.5,1,0,0.3,0,0.85,0.9,1.4,0,0.5,1,0.4,0.8,0,0.2,0,1,0.7,0.75,0,0.2,0.6
,1,1.7,0,0.3,0,0.6,2,2.5,1,3.3,3.3,0.75,1.5,0.1,0.32,0,0.7,2.4,3,1,2.1,2.2,0.5,1,0,0.1,1,0.85,0.9,1.4,1,0.7,1.2,0.4,0.8,0,0.1,1,1,0.4,0.45,1,0.2,0.6
,1,1.7,0,0.5,0,0.5,4.5,5,0,2.35,2.35,0.75,1.5,0.3,0.6,0,0.7,2.4,3,0,1.6,1.7,0.5,1,0,0.3,0,0.85,0.75,1.2,-1,0.55,1,0.4,0.8,0,0.2,0,1,0.4,0.45,-1,0.2,0.6
,1,1.7,1,1.3,0,0.5,2,3,0,2.35,2.35,0.75,1.5,0.6,0.8,0,0.7,2.4,3,0,1.6,1.7,0.5,1,0,0.3,0,0.85,0.75,1.2,-1,0.55,1,0.4,0.8,0,0.2,0,1,0.4,0.45,-1,0.2,0.6
,1,1.7,0.3,0.6,0,0.6,2,3,0,2.3,2.3,0.75,1.5,0.45,0.5,0,0.7,2.4,3,1,1.6,1.7,0.5,1,0,0.1,0,0.85,0.8,1.2,-1,0.6,1,0.4,0.8,0,0.1,0,1,0.4,0.55,-1,0.2,0.6
,1,1.7,1,2,0,0.5,5.5,6,0,2.35,2.45,0.75,1.5,0.85,1.5,0,0.7,2.4,3.5,0,1.7,1.9,0.5,1,0,0.3,0,0.85,1.4,1.6,0,0.5,1,0.4,0.8,0,0.2,0,1,0.8,1.2,0,0.2,0.6
,1,1.7,1,2,0,0.5,5.5,6,0,2.35,2.35,0.75,1.5,0.4,0.5,0,0.7,2.4,3.5,0,1.7,1.9,0.5,1,0,0.3,0,0.85,0.9,1.4,0,0.5,1,0.4,0.8,0,0.2,0,1,0.7,0.75,0,0.2,0.6
,1,1.7,1,1.3,1,0.6,5.5,6,0,2.35,2.35,0.75,1.5,0.75,1.2,0,0.7,2.4,3.5,0,1.7,1.9,0.5,1,0,0.3,0,0.85,0.9,1.4,0,0.5,1,0.4,0.8,0,0.2,0,1,0.7,0.75,0,0.2,0.6
,1,1.7,1,2,0,0.5,5.5,6,0,2.35,2.35,0.75,1.5,0.5,0.7,0,0.7,2.4,3.5,0,1.7,1.8,0.5,1,0,0.3,0,0.85,0.9,1.4,0,0.5,1,0.4,0.8,0,0.2,0,1,0.7,0.75,0,0.2,0.6
