addr	size	name	namespace	namesrc	sigsrc	thunk	tags	signature
710012b000	1	end		i	d	0		undefined end()
710012c000	1	ProtectRelro	<EXTERNAL>::nn::ro	d	a	1		undefined ProtectRelro(void * param_1, void * param_2, void * param_3, void * param_4, void * param_5)
710012d000	1	__nnmusl_fini_dso	<EXTERNAL>	d	d	1		undefined __nnmusl_fini_dso()
710012e000	1	__cxa_guard_acquire	<EXTERNAL>	d	d	1		undefined __cxa_guard_acquire()
7100130000	1	__cxa_guard_release	<EXTERNAL>	d	d	1		undefined __cxa_guard_release()
7100187000	1	__cxa_begin_catch	<EXTERNAL>	d	d	1		undefined __cxa_begin_catch()
7100188000	1	terminate	<EXTERNAL>::std	d	a	1		undefined terminate(void)
7100189000	1	AbortImpl	<EXTERNAL>::nn::diag::detail	d	a	1		undefined AbortImpl(void)
710018a000	1	Activate	<EXTERNAL>::nn::bezel::Entity	d	a	1		undefined Activate(void)
710018b000	1	Deactivate	<EXTERNAL>::nn::bezel::Entity	d	a	1		undefined Deactivate(void)
710018c000	1	GetModel	<EXTERNAL>::bq::ComMatter	d	a	1		undefined GetModel(void)
710018d000	1	GetMotion	<EXTERNAL>::bq::ComMatter	d	a	1		undefined GetMotion(void)
710018e000	1	GetFxTrigger	<EXTERNAL>::bq::ComMatter	d	a	1		undefined GetFxTrigger(void)
710018f000	1	AddHeading	<EXTERNAL>::bq::ComMatter	d	a	1		undefined AddHeading(void)
7100190000	1	SetVisible	<EXTERNAL>::nn::bezel::ComModel	d	a	1		undefined SetVisible(bool param_1)
7100191000	1	SetTranslation	<EXTERNAL>::nn::bezel::Entity	d	a	1		undefined SetTranslation(Vector3f * param_1)
7100192000	1	GetTranslation	<EXTERNAL>::nn::bezel::Entity	d	a	1		undefined GetTranslation(void)
7100193000	1	SetRotationFromEuler	<EXTERNAL>::nn::bezel::Entity	d	a	1		undefined SetRotationFromEuler(Vector3f * param_1)
7100194000	1	SetRotation	<EXTERNAL>::nn::bezel::Entity	d	a	1		undefined SetRotation(Quaternion * param_1)
7100195000	1	CalculateRotation	<EXTERNAL>::nn::bezel::Entity	d	a	1		undefined CalculateRotation(void)
7100196000	1	SetScale	<EXTERNAL>::nn::bezel::Entity	d	a	1		undefined SetScale(Vector3f * param_1)
7100197000	1	GetScale	<EXTERNAL>::nn::bezel::Entity	d	a	1		undefined GetScale(void)
7100198000	1	CalculateTransform	<EXTERNAL>::nn::bezel::Entity	d	a	1		undefined CalculateTransform(void)
7100199000	1	LookAt	<EXTERNAL>::nn::bezel::Entity	d	a	1		undefined LookAt(Vector3f * param_1)
710019a000	1	Play	<EXTERNAL>::actor::ComActorMotion	d	a	1		undefined Play(MotionArg * param_1)
710019b000	1	Play	<EXTERNAL>::actor::ComActorMotion	d	a	1		undefined Play(StringViewHashPair * param_1)
710019c000	1	Play	<EXTERNAL>::actor::ComActorMotion	d	a	1		undefined Play(StringViewHashPair * param_1, float param_2, AnimationTransitionType param_3)
710019d000	1	GetAnimationSlot	<EXTERNAL>::actor::ComActorMotion	d	a	1		undefined GetAnimationSlot(StringViewHashPair * param_1)
710019e000	1	Play	<EXTERNAL>::actor::ActorAnimationSlot	d	a	1		undefined Play(MotionArg * param_1)
710019f000	1	Play	<EXTERNAL>::actor::ActorAnimationSlot	d	a	1		undefined Play(StringViewHashPair * param_1)
71001a0000	1	Play	<EXTERNAL>::actor::ActorAnimationSlot	d	a	1		undefined Play(StringViewHashPair * param_1, float param_2, AnimationTransitionType param_3)
71001a1000	1	Stop	<EXTERNAL>::actor::ComActorMotion	d	a	1		undefined Stop(void)
71001a2000	1	SetSpeed	<EXTERNAL>::actor::ComActorMotion	d	a	1		undefined SetSpeed(float param_1)
71001a3000	1	SetFrame	<EXTERNAL>::actor::ComActorMotion	d	a	1		undefined SetFrame(float param_1)
71001a4000	1	GetAnimationSlot	<EXTERNAL>::actor::ActorAnimationSlot	d	a	1		undefined GetAnimationSlot(void)
71001a5000	1	SetFrame	<EXTERNAL>::nn::bezel::AnimationSlot	d	a	1		undefined SetFrame(float param_1)
71001a6000	1	GetFrame	<EXTERNAL>::actor::ComActorMotion	d	a	1		undefined GetFrame(void)
71001a7000	1	GetFrame	<EXTERNAL>::nn::bezel::AnimationSlot	d	a	1		undefined GetFrame(void)
71001a8000	1	GetFrameMax	<EXTERNAL>::actor::ComActorMotion	d	a	1		undefined GetFrameMax(void)
71001a9000	1	IsFinished	<EXTERNAL>::actor::ComActorMotion	d	a	1		undefined IsFinished(void)
71001aa000	1	GetMainAnimationSlot	<EXTERNAL>::actor::ComActorMotion	d	a	1		undefined GetMainAnimationSlot(void)
71001ab000	1	SetLoopEnabled	<EXTERNAL>::nn::bezel::AnimationNode	d	a	1		undefined SetLoopEnabled(bool param_1)
71001ac000	1	GetCurrentAnimation	<EXTERNAL>::actor::ComActorMotion	d	a	1		undefined GetCurrentAnimation(void)
71001ad000	1	SetBlendMode	<EXTERNAL>::nn::bezel::AnimationSlot	d	a	1		undefined SetBlendMode(AnimationSlotBlendMode param_1)
71001ae000	1	SetBlendWeight	<EXTERNAL>::nn::bezel::AnimationSlot	d	a	1		undefined SetBlendWeight(float param_1)
71001af000	1	SetEnabled	<EXTERNAL>::nn::bezel::ComPhysicalAnimation	d	a	1		undefined SetEnabled(bool param_1)
71001b0000	1	RequestTeleport	<EXTERNAL>::nn::bezel::ComPhysicalAnimation	d	a	1		undefined RequestTeleport(void)
71001b1000	1	Play	<EXTERNAL>::bex::ComFxTrigger	d	a	1		undefined Play(basic_string_view * param_1)
71001b2000	1	Stop	<EXTERNAL>::bex::ComFxTrigger	d	a	1		undefined Stop(basic_string_view * param_1)
71001b3000	1	FindBoneIndex	<EXTERNAL>::nn::bezel::SkeletonPose	d	a	1		undefined FindBoneIndex(char * param_1)
71001b5000	1	FindBoneIndex	<EXTERNAL>::nn::bezel::SkeletonPose	d	a	1		undefined FindBoneIndex(basic_string_view param_1)
71001b6000	1	CalculateWorldTransform	<EXTERNAL>::nn::bezel::SkeletonPose	d	a	1		undefined CalculateWorldTransform(int param_1)
71001b7000	1	SetTargetLookAtPosition	<EXTERNAL>::bex::ComHeading	d	a	1		undefined SetTargetLookAtPosition(Vector3f * param_1)
71001b8000	1	SetTargetLookAtEntity	<EXTERNAL>::bex::ComHeading	d	a	1		undefined SetTargetLookAtEntity(WeakHandle * param_1, int param_2)
71001b9000	1	SetTargetLookAtEntity	<EXTERNAL>::bex::ComHeading	d	a	1		undefined SetTargetLookAtEntity(WeakHandle * param_1)
71001ba000	1	SetTargetLookAtDirection	<EXTERNAL>::bex::ComHeading	d	a	1		undefined SetTargetLookAtDirection(Vector3f * param_1)
71001bb000	1	LookImmediately	<EXTERNAL>::bex::ComHeading	d	a	1		undefined LookImmediately(void)
71001bc000	1	SetTargetNone	<EXTERNAL>::bex::ComHeading	d	a	1		undefined SetTargetNone(void)
71001bd000	1	SetHeadLookWeight	<EXTERNAL>::bex::ComHeading	d	a	1		undefined SetHeadLookWeight(float param_1)
71001be000	1	SetEyesLookWeight	<EXTERNAL>::bex::ComHeading	d	a	1		undefined SetEyesLookWeight(float param_1)
71001bf000	1	strlen	<EXTERNAL>	d	i	1		size_t strlen(char * __s)
71001c0000	1	GetBoneSocket	<EXTERNAL>::nn::bezel::ComModel	d	a	1		undefined GetBoneSocket(basic_string_view param_1)
71001c1000	1	SetTarget	<EXTERNAL>::nn::bezel::ComAttachment	d	a	1		undefined SetTarget(WeakHandle * param_1)
71001c2000	1	Create	<EXTERNAL>::nn::bezel::ComAttachment	d	a	1		undefined Create(HandlePtr * param_1)
71001c3000	1	_internalCheckComponentValidity	<EXTERNAL>::nn::bezel::Entity	d	a	1		undefined _internalCheckComponentValidity(HandlePtr * param_1)
71001c4000	1	AddComponentImpl	<EXTERNAL>::nn::bezel::Entity	d	a	1		undefined AddComponentImpl(HandlePtr * param_1)
71001c8000	1	HasCastableComponentImpl	<EXTERNAL>::nn::bezel::Entity	d	a	1		undefined HasCastableComponentImpl(TypeDesc * param_1)
71001c9000	1	_internalRemoveComponentByTypeDesc	<EXTERNAL>::nn::bezel::Entity	d	a	1		undefined _internalRemoveComponentByTypeDesc(TypeDesc * param_1)
71001ca000	1	FindMaterial	<EXTERNAL>::nn::bezel::ComModel	d	a	1		undefined FindMaterial(basic_string_view param_1)
71001cb000	1	MaterialHandle	<EXTERNAL>::nn::bezel::MaterialHandle	d	a	1		undefined MaterialHandle(MaterialHandle * this)
71001cc000	1	Reset	<EXTERNAL>::nn::bezel::MaterialHandle	d	a	1		undefined Reset(Material * param_1)
71001cd000	1	Lock	<EXTERNAL>::nn::bezel::MaterialHandle	d	a	1		undefined Lock(void)
71001ce000	1	~MaterialHandle	<EXTERNAL>::nn::bezel::MaterialHandle	d	a	1		undefined ~MaterialHandle(MaterialHandle * this)
71001cf000	1	SetTexture	<EXTERNAL>::nn::bezel::Material	d	a	1		undefined SetTexture(basic_string_view param_1, HandlePtr * param_2)
71001d0000	1	FindParam	<EXTERNAL>::nn::bezel::Material	d	a	1		undefined FindParam(basic_string_view param_1)
71001d1000	1	GetTexSrt	<EXTERNAL>::nn::bezel::MaterialParam	d	a	1		undefined GetTexSrt(void)
71001d2000	1	SetTexSrt	<EXTERNAL>::nn::bezel::MaterialParam	d	a	1		undefined SetTexSrt(TexSrt * param_1)
71001d3000	1	GetVector4	<EXTERNAL>::nn::bezel::MaterialParam	d	a	1		undefined GetVector4(void)
71001d4000	1	SetVector4	<EXTERNAL>::nn::bezel::MaterialParam	d	a	1		undefined SetVector4(Vector4f * param_1)
71001d5000	1	SetOpaque	<EXTERNAL>::bex::gfx::ComModelBuffer	d	a	1		undefined SetOpaque(int param_1, float param_2)
71001d6000	1	SetCastShadowOverwriteDisabled	<EXTERNAL>::bex::gfx::ComModelBuffer	d	a	1		undefined SetCastShadowOverwriteDisabled(bool param_1)
71001d7000	1	SetDrawUnderWaterDisabled	<EXTERNAL>::bex::gfx::ComModelBuffer	d	a	1		undefined SetDrawUnderWaterDisabled(bool param_1)
71001d9000	1	CastRay	<EXTERNAL>::nn::bezel::PhysicsModule	d	a	1		undefined CastRay(CastResult * param_1, CastRayArg * param_2)
71001da000	1	HasTag	<EXTERNAL>::nn::bezel::Entity	d	a	1		undefined HasTag(basic_string_view param_1)
71001db000	1	GetDeltaTime	<EXTERNAL>::bex::MainModule	d	a	1		undefined GetDeltaTime(void)
71001e1000	1	__release_weak	<EXTERNAL>::std::__shared_weak_count	d	a	1		undefined __release_weak(void)
71001e2000	1	Wait	<EXTERNAL>::bex::Fiber	d	a	1		undefined Wait(void)
71001e3000	1	Free	<EXTERNAL>::bex::HeapModule	d	a	1		undefined Free(void * param_1)
71001e4000	1	operator.delete	<EXTERNAL>	d	a	1		void operator.delete(void * param_1)
71001e6000	1	AddAnimationSlot	<EXTERNAL>::actor::ComActorMotion	d	a	1		undefined AddAnimationSlot(StringViewHashPair * param_1)
71001e7000	1	AddAnimation	<EXTERNAL>::actor::ComActorMotion	d	a	1		undefined AddAnimation(StringViewHashPair * param_1, basic_string_view * param_2, bool param_3, AnimatinType param_4, bool param_5, bool param_6)
71001e8000	1	Alloc	<EXTERNAL>::bex::HeapModule	d	a	1		undefined Alloc(HeapID param_1, ulong param_2, int param_3, char * param_4, int param_5, char * param_6, char * param_7)
71001e9000	1	memmove	<EXTERNAL>	d	i	1		void * memmove(void * __dest, void * __src, size_t __n)
71001ea000	1	operator.new	<EXTERNAL>	d	a	1		void * operator.new(ulong param_1, ulong param_2, HeapID param_3)
71001eb000	1	memset	<EXTERNAL>	d	i	1		void * memset(void * __s, int __c, size_t __n)
71001ee000	1	snprintf	<EXTERNAL>	d	i	1		int snprintf(char * __s, size_t __maxlen, char * __format, ...)
71001ef000	1	SetForceLodLevel	<EXTERNAL>::bex::gfx::ComModelBuffer	d	a	1		undefined SetForceLodLevel(int param_1)
71001f1000	1	atan2f	<EXTERNAL>	d	i	1		float atan2f(float __y, float __x)
71001f2000	1	TurnDeg	<EXTERNAL>::wl::util	d	a	1		undefined TurnDeg(float * param_1, float param_2, float param_3)
71001f4000	1	SetLayerVisibilityBit	<EXTERNAL>::bex::Effect	d	a	1		undefined SetLayerVisibilityBit(uint param_1)
71001f5000	1	SetSelfDestroyEnabled	<EXTERNAL>::bex::Effect	d	a	1		undefined SetSelfDestroyEnabled(bool param_1)
71001f6000	1	CalcPosition	<EXTERNAL>::nn::bezel::MapPathRoute	d	a	1		undefined CalcPosition(Vector3f * param_1, float param_2)
71001f7000	1	Shutdown	<EXTERNAL>::nn::bezel::MapPathRoute	d	a	1		undefined Shutdown(void)
71001f8000	1	~Fiber	<EXTERNAL>::bex::Fiber	d	a	1		undefined ~Fiber(Fiber * this)
71001f9000	1	getStaticTypeinfo	<EXTERNAL>::bex::Fiber	d	a	1		undefined getStaticTypeinfo(void)
71001fa000	1	__cxa_allocate_exception	<EXTERNAL>	d	d	1		undefined __cxa_allocate_exception()
71001fb000	1	~out_of_range	<EXTERNAL>::std::out_of_range	d	a	1		undefined ~out_of_range(out_of_range * this)
71001fc000	1	__cxa_throw	<EXTERNAL>	d	d	1		undefined __cxa_throw()
71001fd000	1	__cxa_free_exception	<EXTERNAL>	d	d	1		undefined __cxa_free_exception()
71001fe000	1	_Unwind_Resume	<EXTERNAL>	d	d	1		undefined _Unwind_Resume()
71001ff000	1	logic_error	<EXTERNAL>::std::logic_error	d	a	1		undefined logic_error(logic_error * this, char * param_1)
