caller	callees
71000000a0	7100000480,71000004e0,71000087e0,71000087f0
7100000200	71000003c0,7100003560,71000084d0,7100008800
7100000290	71000003c0
71000003c0	71000003c0
7100000480	7100008810,7100008820
71000004e0	7100008810,7100008820
7100000530	7100008810,7100008820
7100000590	7100008810,7100008820
71000005f0	7100008810,7100008820
7100000640	7100008810,7100008820
7100000690	7100008810,7100008820
71000006f0	7100008810,7100008820
7100000750	7100008810,7100008820
71000007b0	7100008810,7100008820
7100000810	7100008810,7100008820
7100000870	7100008810,7100008820
71000008d0	7100008810,7100008820
7100000930	7100008810,7100008820
7100000990	7100008810,7100008820
71000009f0	7100008810,7100008820
7100000a50	7100008810,7100008820
7100000aa0	7100008810,7100008820
7100000af0	7100008810,7100008820
7100000b40	7100008810,7100008820
7100000b90	7100008810,7100008820
7100000bf0	7100008810,7100008820
7100000c50	7100008810,7100008820
7100000cb0	7100008810,7100008820
7100000d10	7100008810,7100008820
7100000d70	7100008810,7100008820
7100000dd0	7100008810,7100008820
7100000e30	7100008810,7100008820
7100000e90	7100008810,7100008820
7100000ef0	7100008810,7100008820
7100000f50	7100008810,7100008820
7100000fb0	7100008810,7100008820
7100001010	7100008810,7100008820
7100001070	7100008810,7100008820
71000010d0	7100008810,7100008820
7100001130	7100008810,7100008820
7100001190	7100008810,7100008820
71000011f0	7100008810,7100008820
7100001250	7100008810,7100008820
71000012b0	7100008810,7100008820
7100001310	7100008810,7100008820
7100001370	7100008810,7100008820
71000013d0	7100008810,7100008820
7100001430	7100008810,7100008820
7100001490	7100008810,7100008820
71000014f0	7100008810,7100008820
7100001550	7100008810,7100008820
71000015b0	7100008810,7100008820
7100001610	7100008810,7100008820
7100001670	7100008810,7100008820
71000016d0	7100008810,7100008820
7100001730	7100008810,7100008820
7100001790	7100008810,7100008820
71000017f0	7100008810,7100008820
7100001850	7100008810,7100008820
71000018b0	7100008810,7100008820
7100001910	7100008810,7100008820
7100001970	7100008810,7100008820
71000019d0	7100008810,7100008820
7100001a30	7100008810,7100008820
7100001a90	7100008810,7100008820
7100001ae0	7100008810,7100008820
7100001b30	7100008810,7100008820
7100001b80	7100008810,7100008820
7100001bd0	7100008810,7100008820
7100001c20	7100008810,7100008820
7100001c70	7100008810,7100008820
7100001cc0	7100008810,7100008820
7100001d20	7100008810,7100008820
7100001d80	7100008810,7100008820
7100001de0	7100008810,7100008820
7100001e40	7100008810,7100008820
7100001ea0	7100008810,7100008820
7100001f00	7100008810,7100008820
7100001f60	7100008810,7100008820
7100001fc0	7100008810,7100008820
7100002020	7100008810,7100008820
7100002080	7100008810,7100008820
71000020e0	7100008810,7100008820
7100002140	7100008810,7100008820
71000021a0	7100008810,7100008820
71000021f0	7100008810,7100008820
7100002250	7100008810,7100008820
71000022b0	7100008810,7100008820
7100002300	7100008810,7100008820
7100002350	7100008810,7100008820
71000023a0	7100008810,7100008820
71000023f0	7100008810,7100008820
7100002450	7100008810,7100008820
71000024b0	7100008810,7100008820
7100002510	7100008810,7100008820
7100002570	7100008810,7100008820
71000025d0	7100008810,7100008820
7100002620	7100008810,7100008820
7100002670	7100008810,7100008820
71000026c0	7100008810,7100008820
7100002710	7100008810,7100008820
7100002760	7100008810,7100008820
71000027b0	7100008810,7100008820
7100002800	7100008810,7100008820
7100002850	7100008810,7100008820
71000028a0	7100008810,7100008820
71000028f0	7100008810,7100008820
7100002940	7100008810,7100008820
7100002990	7100008810,7100008820
71000029e0	7100008810,7100008820
7100002a30	7100008810,7100008820
7100002a80	7100008810,7100008820
7100002ad0	7100008810,7100008820
7100002b20	7100008810,7100008820
7100002b70	7100008810,7100008820
7100002bc0	7100008810,7100008820
7100002c10	7100008810,7100008820
7100002c60	7100008810,7100008820
7100002cb0	7100008810,7100008820
7100002d00	7100008810,7100008820
7100002d50	7100008810,7100008820
7100002da0	7100008810,7100008820
7100002df0	7100008810,7100008820
7100002e50	7100008810,7100008820
7100002eb0	7100008810,7100008820
7100002f10	7100008810,7100008820
7100002f70	7100008810,7100008820
7100002fd0	7100008810,7100008820
7100003030	7100008810,7100008820
7100003090	7100008810,7100008820
71000030f0	7100008810,7100008820
7100003150	7100008810,7100008820
71000031b0	7100008810,7100008820
7100003210	7100008810,7100008820
7100003270	7100008810,7100008820
71000032d0	7100008810,7100008820
7100003320	7100008810,7100008820
7100003370	7100008810,7100008820
71000033d0	7100008810,7100008820
7100003420	7100008810,7100008820
7100003470	7100008810,7100008820
71000034c0	7100008810,7100008820
7100003510	7100008810,7100008820
7100003560	7100008810,7100008820
71000035b0	7100008830,7100008840
7100003600	7100008850,7100008860
7100003610	7100000340,7100008810,7100008820,7100008870,7100008880
71000036ec	7100008810,7100008820,7100008890
710000374c	7100008830,7100008840
7100003794	7100000340,7100008810,7100008820,7100008880,71000088c0
7100003870	7100008810,7100008820,7100008890,71000088d0
7100003904	7100008830
7100003944	71000088e0,71000088f0,7100008900,7100008910,7100008920,7100120000
7100003a10	7100008930,7100008940,7100008950
7100003b80	7100008930,7100008940,7100008960,7100008970,7100008980
7100003c64	7100008970,7100008990
7100003c90	7100008960,7100008970,71000089a0,71000089b0,71000089c0,71000089d0
7100003d10	7100003600,7100004a7c,7100004b10,7100008970,71000089a0,71000089e0,71000089f0,7100008a00,7100008a10,7100008a20,7100008a30,7100008a40,7100008a50,7100008a60,7100008a70,7100008a80,7100008a90,7100008aa0,7100008ab0,7100008ac0,7100008ad0,7100008ae0,7100008af0,7100008b00,7100008b10,7100008b20,7100008b30,7100008b40,7100008b50
7100004240	7100004bb0,7100008a60,7100008b70,7100008b80,7100008b90,7100008ba0,7100008bb0,7100008bc0,7100008bd0,7100008be0,7100008bf0,7100008c00
7100004414	7100004bb0,7100008b40,7100008b50,7100008c00,7100008c10,7100008c20,7100008c30,7100008c40,7100008c50,7100008c60,7100008c70,7100008c80,7100008c90,7100008ca0,7100008cb0,7100008cc0,7100008cd0,7100008ce0
71000046fc	7100000340,7100008810,7100008820,7100008870,7100008880
7100004824	7100000340,7100008810,7100008820,7100008880,71000088c0
7100004914	7100008970,7100008a90
7100004950	7100008970,7100008af0
710000498c	7100008970,7100008ad0
71000049c8	7100008970,7100008ab0
7100004a04	7100008970,7100008a50
7100004a40	7100008970,7100008a30
7100004a7c	7100004a90
7100004a90	7100004ae0,7100008b60,7100008cf0,7100008d00,7100008d10
7100004ae0	7100008d20
7100004b10	7100004b30
7100004b30	7100004b80,7100008b60,7100008cf0,7100008d00,7100008d10
7100004b80	7100008d20
7100004bb0	7100008b40,7100008b50,7100008c30,7100008c40,7100008c50,7100008c60,7100008c90,7100008cc0,7100008cd0,7100008ce0,7100008d30,7100008d40,7100008d50,7100008d60,7100008d70,7100008d80,7100008d90,7100008da0,7100008db0,7100008dc0,7100008dd0,7100008de0,7100008df0,7100008e00,7100008e10,7100008e20,7100008e30
7100006244	7100008d30,7100008e40
7100006280	71000066c8,71000066e0,7100008b40,7100008b50,7100008b60
71000063b0	7100008b50
71000064a8	7100008e50,7100008e60,7100008e70,7100008e80,7100008e90,7100008ea0
7100006554	71000066b4,7100008b40,7100008b50,7100008eb0
71000066b4	7100004b30
71000066c8	7100004b30
71000066e0	71000066b4,7100006840,7100008b40,7100008b60,7100008eb0
7100006840	7100008b50
71000068a0	7100003600,7100004a7c,71000089e0,7100008a60,7100008b00,7100008b10,7100008b20,7100008b30,7100008b50,7100008c10,7100008c20,7100008ec0,7100008ed0
7100006aec	7100003600,7100004bb0,7100006244,71000075cc,7100008a60,7100008b50,7100008c00,7100008cd0,7100008ee0,7100008ef0,7100008f00,7100008f10,7100008f20,7100008f30
7100006e08	7100004bb0,7100008a60,7100008c00,7100008cc0,7100008e10,7100008f00,7100008f20,7100008f40,7100008f50
7100006fcc	7100004bb0,7100008a60,7100008c00,7100008cb0,7100008e10,7100008f20,7100008f60,7100008f70,7100008f80
7100007214	7100004bb0,7100008a60,7100008c00,7100008c60,7100008de0,7100008df0,7100008e00,7100008e10,7100008e70,7100008f20,7100008f80,7100008f90,7100008fa0,7100008fb0,7100008fc0,7100008fd0,7100008fe0,7100008ff0,7100009000,7100009010
71000075cc	7100004a90
71000075e0	7100003600,7100004bb0,71000083c4,7100008a60,7100008b40,7100008b50,7100008c00,7100008c50,7100008c60,7100008c80,7100008ca0,7100008da0,7100008f20,7100008f80,7100008fc0,7100008fd0,7100008fe0,7100008ff0,7100009020,7100009030,7100009040,7100009050,7100009060,7100009070,7100009080,7100009090
7100007eb0	7100004bb0,7100008c00,7100008c90,7100008ca0,7100008cd0,7100008f30,71000090a0,71000090b0
7100008030	7100008b40,7100008b50,7100008d30,7100008d80,7100008dd0,7100008e10,7100008e30,7100009040,71000090c0
7100008298	7100008d30,7100008dd0,7100008e10,7100008e30,7100008fc0,7100008fd0,7100008fe0,7100008ff0,7100009040
71000083c4	7100004b30
71000083d8	7100008970,7100008a30,7100008a50,7100008a90,7100008ab0,7100008ad0,7100008af0,7100008b50
71000084d0	7100000340,7100008810,7100008820,7100008870,7100008880,71000088c0
71000087e0	7100023000
71000087f0	7100024000
7100008800	7100025000
7100008810	7100026000
7100008820	7100028000
7100008830	710007f000
7100008840	7100003944
7100008850	7100080000
7100008860	7100081000
7100008870	7100082000
7100008880	7100083000
7100008890	7100085000
71000088a0	7100086000
71000088b0	7100087000
71000088c0	7100088000
71000088d0	7100089000
71000088e0	710008a000
71000088f0	710008b000
7100008900	710008c000
7100008910	7100003a10
7100008920	710008d000
7100008930	710008f000
7100008940	7100090000
7100008950	7100091000
7100008960	71000083d8
7100008970	7100092000
7100008980	7100093000
7100008990	7100003b80
71000089a0	7100094000
71000089b0	7100003d10
71000089c0	7100095000
71000089d0	7100096000
71000089e0	7100098000
71000089f0	7100099000
7100008a00	710009a000
7100008a10	710009b000
7100008a20	710009c000
7100008a30	710009d000
7100008a40	710009e000
7100008a50	710009f000
7100008a60	71000a0000
7100008a70	71000a1000
7100008a80	71000a2000
7100008a90	71000a3000
7100008aa0	71000a4000
7100008ab0	71000a5000
7100008ac0	71000a6000
7100008ad0	71000a7000
7100008ae0	71000a8000
7100008af0	71000a9000
7100008b00	71000aa000
7100008b10	71000ab000
7100008b20	71000ac000
7100008b30	71000ad000
7100008b40	71000ae000
7100008b50	71000af000
7100008b60	71000b0000
7100008b70	7100004414
7100008b80	7100006fcc
7100008b90	7100007214
7100008ba0	71000b2000
7100008bb0	71000068a0
7100008bc0	71000b3000
7100008bd0	71000b4000
7100008be0	7100006aec
7100008bf0	7100006e08
7100008c00	71000b6000
7100008c10	71000b7000
7100008c20	71000b8000
7100008c30	71000b9000
7100008c40	71000ba000
7100008c50	71000bb000
7100008c60	71000bc000
7100008c70	71000bd000
7100008c80	71000bf000
7100008c90	71000c0000
7100008ca0	71000c1000
7100008cb0	71000c2000
7100008cc0	71000c3000
7100008cd0	71000c4000
7100008ce0	71000c5000
7100008cf0	71000c6000
7100008d00	71000c8000
7100008d10	71000c9000
7100008d20	71000ca000
7100008d30	7100006554
7100008d40	71000064a8
7100008d50	71000ce000
7100008d60	71000cf000
7100008d70	71000d0000
7100008d80	7100006280
7100008d90	71000d1000
7100008da0	71000d2000
7100008db0	71000d3000
7100008dc0	71000d4000
7100008dd0	71000d5000
7100008de0	71000d6000
7100008df0	71000d7000
7100008e00	71000d8000
7100008e10	71000d9000
7100008e20	71000da000
7100008e30	71000063b0
7100008e40	71000db000
7100008e50	71000dc000
7100008e60	71000dd000
7100008e70	71000de000
7100008e80	71000df000
7100008e90	71000e0000
7100008ea0	71000e1000
7100008eb0	71000e2000
7100008ec0	71000e3000
7100008ed0	71000e4000
7100008ee0	71000e5000
7100008ef0	71000e6000
7100008f00	71000e7000
7100008f10	71000e8000
7100008f20	71000ea000
7100008f30	71000eb000
7100008f40	71000ec000
7100008f50	71000ed000
7100008f60	71000ee000
7100008f70	71000ef000
7100008f80	71000f0000
7100008f90	71000075e0
7100008fa0	71000f1000
7100008fb0	71000f2000
7100008fc0	71000f3000
7100008fd0	71000f4000
7100008fe0	71000f5000
7100008ff0	71000f6000
7100009000	71000f7000
7100009010	71000f8000
7100009020	71000f9000
7100009030	71000fa000
7100009040	71000fb000
7100009050	7100007eb0
7100009060	71000fc000
7100009070	7100008030
7100009080	71000fd000
7100009090	71000fe000
71000090a0	71000ff000
71000090b0	7100008298
71000090c0	7100100000
